store_id,store_slug,store_name,store_description,store_logo_url,store_url,store_aff_url,store_created_at,store_featured
1,amazon,Amazon,Global online retailer,https://cdn.brandfetch.io/idawOgYOsG/w/400/h/400/theme/dark/icon.jpeg?c=1bxid64Mup7aczewSAYMX&t=1747149745978,https://www.amazon.com/,https://www.amazon.com/,16/02/2026,FALSE
2,costco,Costco,Wholesale store,https://cdn.brandfetch.io/idWtDQZAMc/w/400/h/400/theme/dark/icon.jpeg?c=1bxid64Mup7aczewSAYMX&t=1677237040717,https://www.costco.com/,https://www.costco.com/,16/02/2026,FALSE
3,wayfair,Wayfair,Furniture & home decor marketplace,https://cdn.brandfetch.io/idSfovRbnq/w/340/h/340/theme/dark/icon.jpeg?c=1bxid64Mup7aczewSAYMX&t=1759196134039,https://www.wayfair.com/,https://www.wayfair.com/,16/02/2026,FALSE
4,adidas,Adidas,Sportswear & lifestyle apparel,https://cdn.brandfetch.io/idyqQWKFVE/w/400/h/400/theme/dark/icon.png?c=1bxid64Mup7aczewSAYMX&t=1738583768112,https://www.adidas.com/,https://www.adidas.com/,16/02/2026,FALSE
5,etsy,Etsy,Marketplace for handmade/vintage,https://cdn.brandfetch.io/idzyTAzn6G/w/400/h/400/theme/dark/icon.jpeg?c=1bxid64Mup7aczewSAYMX&t=1731111000174,https://www.etsy.com/,https://www.etsy.com/,16/02/2026,FALSE
6,homedepot,Home Depot,Home improvement & supplies,https://cdn.brandfetch.io/idE9inLIQr/w/400/h/400/theme/dark/icon.jpeg?c=1bxid64Mup7aczewSAYMX&t=1741325991872,https://www.homedepot.com/,https://www.homedepot.com/,16/02/2026,FALSE
7,nike,Nike,Sportswear & athletic gear store,https://cdn.brandfetch.io/id_0dwKPKT/w/399/h/399/theme/dark/icon.jpeg?c=1bxid64Mup7aczewSAYMX&t=1741746473623,https://www.nike.com/,https://www.nike.com/,16/02/2026,FALSE
8,overstock,Overstock,Online home goods & furniture,https://cdn.brandfetch.io/idG3q1Hl01/w/400/h/400/theme/dark/icon.jpeg?c=1bxid64Mup7aczewSAYMX&t=1667945779703,https://www.overstock.com/,https://www.overstock.com/,16/02/2026,FALSE
9,cvs,CVS,Pharmacy & general merchandise,https://cdn.brandfetch.io/idd7pwVwdr/w/400/h/400/theme/dark/icon.png?c=1bxid64Mup7aczewSAYMX&t=1667580403048,https://www.cvs.com/,https://www.cvs.com/,16/02/2026,FALSE
10,target,Target,Discount retail & groceries,https://cdn.brandfetch.io/id0ZfAM4Dt/w/240/h/240/theme/dark/icon.jpeg?c=1bxid64Mup7aczewSAYMX&t=1667573192808,https://www.target.com/,https://www.target.com/,16/02/2026,FALSE
11,walgreens,Walgreens,Pharmacy & retail store,https://cdn.brandfetch.io/id5zUmVWsF/w/180/h/180/theme/dark/icon.png?c=1bxid64Mup7aczewSAYMX&t=1667592246711,https://www.walgreens.com/,https://www.walgreens.com/,16/02/2026,FALSE
12,walmart,Walmart,Top retail store,https://cdn.brandfetch.io/idoGsFQrHx/w/400/h/400/theme/dark/icon.jpeg?c=1bxid64Mup7aczewSAYMX&t=1736912992509,https://www.walmart.com/,https://www.walmart.com/,16/02/2026,FALSE
13,kohls,Kohls,Fashion and home store,https://cdn.brandfetch.io/idRBoQEEhJ/w/400/h/400/theme/dark/icon.png?c=1bxid64Mup7aczewSAYMX&t=1667579047713,https://www.kohls.com/,https://www.kohls.com/,16/02/2026,FALSE
14,macys,Macys,Department store & clothing,https://cdn.brandfetch.io/id58A6j836/w/400/h/400/theme/dark/icon.jpeg?c=1bxid64Mup7aczewSAYMX&t=1759198019971,https://www.macys.com/,https://www.macys.com/,16/02/2026,FALSE
15,bestbuy,Best Buy,Electronics & appliances,https://cdn.brandfetch.io/idmSVs_Vxg/w/480/h/480/theme/dark/icon.jpeg?c=1bxid64Mup7aczewSAYMX&t=1761207107240,https://www.bestbuy.com/,https://www.bestbuy.com/,16/02/2026,FALSE
16,tesco,Tesco,UK supermarket & retail chain,https://cdn.brandfetch.io/idIwi73LUs/w/400/h/400/theme/dark/icon.jpeg?c=1bxid64Mup7aczewSAYMX&t=1668518530584,https://www.tesco.com/,https://www.tesco.com/,16/02/2026,FALSE
